55037190100,-88.3995980070057,45.92424345900363
55037190200,-88.3742727030023,45.85133875334872
55019950300,-90.71671483818045,44.96592712378822
55019950700,-90.59114894902234,44.553596996508375
55019950600,-90.51758584179105,44.63502149477612
55019950800,-90.64403411582734,44.59221862913669
55019950200,-90.51863621718601,44.94087561567517
55019950500,-90.44367584000001,44.79719815714286
55019950400,-90.72232228707627,44.81769131144067
55019950100,-90.3574692549763,44.941448853080566
55031021100,-92.10790769444445,46.730381555555546
55031990000,-91.80830712,46.7480713
55031020900,-92.04641240999999,46.69759615000001
55031020600,-92.10648463302753,46.712297165137606
55031020500,-92.09132955172412,46.71335431034482
55031020400,-92.06748149411764,46.71525116470588
55049950600,-90.1580016088561,42.88059805658056
55049950400,-90.11223668820679,42.95025811470113
55049950300,-90.30077448059542,42.95702619564061
55049950500,-89.97263326268242,42.97993530368311
55049950200,-90.24594426494676,43.08980413800163
55049950100,-90.06280735187129,43.08060905176635
55031020300,-92.08359718260868,46.72653695652173
55031020800,-92.07709230985915,46.675849947183096
55031020700,-92.14881091481482,46.68963180740741
55031030200,-92.13729291728212,46.59405208271787
55031030300,-91.90701932216496,46.30855973883161
55031030100,-91.76573458285714,46.58626917333333
55031021000,-91.99332664705881,46.674781021176464
55059002300,-87.84531706034481,42.55127297413793
55059002200,-87.83374849324325,42.56197909459459
55059002100,-87.82820716447368,42.54952853289473
55059001800,-87.82205654857142,42.57159075428571
55059001700,-87.83618874666666,42.569266473333336
55059001300,-87.86931088829786,42.58412434042553
55059001200,-87.84772413450291,42.58249074853801
55059001100,-87.83368969230767,42.58074634965035
55059000900,-87.83010440880504,42.59237543396227
55059000800,-87.84061087962962,42.5944087962963
55047100600,-89.02515263056887,43.74274418300205
55047100500,-89.12345018780815,43.77151792469744
55047100400,-89.01132857012541,43.809275237742305
55047100300,-89.0793309448022,43.88179513063477
55015020800,-88.37540565277777,44.23044176041667
55015020700,-88.33366046721312,44.23766069672131
55047100200,-88.95781516603773,43.97635624150943
55047100100,-88.96047490291262,43.96199792475728
55015020308,-88.36496794883722,44.21260375813954
55015020303,-88.39416734545455,44.239284736363636
55015020304,-88.368681125,44.24082830555555
55015020306,-88.29529488580248,44.210371885802466
55061960500,-87.62531474067495,44.41505426998224
55051180300,-90.13623445155632,46.25775063831653
55061990000,-87.37619589999998,44.48809429999999
55061960400,-87.63509214141415,44.53587277922078
55051180100,-90.200465388123,46.44172906574761
55061960200,-87.49887699655173,44.60466541034483
55051180200,-90.29315957623912,46.401780201286414
55051990000,-90.45205680769229,46.667930288461534
55057100300,-90.04674081852316,43.960241162703376
55057100500,-90.08513260215052,43.78380083870967
55057100600,-90.21148590671216,43.72324918771331
55055101702,-88.6458988761651,43.16016242609854
55055100300,-88.7476848126801,43.1762123832853
55055100200,-88.71596925833333,43.19134046666667
55055100100,-88.69256145827438,43.167931411598296
55055100400,-88.86725805293004,43.15032184310019
55061960100,-87.45092499563317,44.614068720524024
55057100200,-90.19129492640693,43.84635751082251
55057100400,-90.02098027510041,43.82400141164658
55057100700,-89.99117362149212,43.73383590691307
55057100100,-90.08131182534524,44.11880708610885
55055101100,-88.81305891596638,42.99223188655462
55055101202,-88.80580344896265,42.9091423319502
55055101500,-88.8250839026764,42.92673721654501
55055101400,-88.85554915577889,42.89970098492462
55055101300,-88.85401948591549,42.94698360915493
55055100900,-88.74589019439252,42.93440470700934
55055101701,-88.74620203991597,43.13413439285715
55055100800,-88.60014360601502,43.02578219548872
55055101600,-88.68719768131868,42.896700883241756
55055100601,-88.95291094603174,43.053683373015865
55055101000,-88.81631713057324,43.01721635031846
55055100700,-88.78479379183673,43.04323965918367
55055100602,-88.92917002178217,42.97773758415842
55055101201,-88.8986642972973,42.90200305805805
55055100500,-88.91604081798717,43.058513668094214
55063001200,-91.20906162751677,43.783019355704695
55063001000,-91.23398214438502,43.79136646524064
55015020600,-88.08234463898917,43.9322563501805
55015020500,-88.1747154911032,44.03984219572954
55015020200,-88.12682641692788,44.10451491065831
55063001101,-91.22647046242773,43.79272394219653
55063000800,-91.23331428333334,43.80690789166667
55063000500,-91.22878090079365,43.8261663015873
55063000600,-91.20696231347962,43.81526904388715
55063000100,-91.2250361054131,43.85627755555556
55063010600,-91.15293652436193,43.83402273201855
55063000400,-91.24391974725275,43.81705179120879
55063010203,-91.30880555128206,43.9335932022792
55063010300,-91.25761994281045,43.870057989379085
55063010800,-91.04867389266055,43.815903578899075
55063010402,-91.23790256091954,43.90655246206896
55083101200,-88.16485211384615,44.893232043076914
55083100800,-88.15709426470589,44.979740812144215
55083100700,-88.28412802687411,44.985701230551626
55083100500,-88.38927311740291,45.112593725466944
55083100600,-88.40662183532935,45.04912544610778
55083100300,-88.4982779295605,45.19389599277543
55083101300,-88.1473817785788,44.77389501750772
55083101100,-88.06069576889536,44.852486172238365
55083101000,-87.9474875568513,44.88231602186589
55083100900,-87.90606077045453,44.93683999545455
55083990000,-87.87358035955056,44.815100393258426
55093960400,-92.63217339655172,44.84784858189654
55093960600,-92.54664931766285,44.6558376205507
55093960700,-92.44737686230637,44.729504611876074
55015020400,-88.24049699264705,44.00730737132353
55015020100,-88.09463208438818,44.191327767932485
55063001102,-91.21865825503356,43.7731451409396
55063010500,-91.21065738875598,43.873821187799045
55063000200,-91.23377089074074,43.83426975185185
55063000900,-91.2469775528846,43.79290858653846
55063000700,-91.20809414246574,43.80421656164383
55063010401,-91.16710892751982,43.906556245753116
55063010700,-91.16070077790698,43.76467524186046
55063010101,-91.06996315161557,43.96150160397681
55063000300,-91.26050153995435,43.83699151826483
55063010201,-91.19662500729395,43.99346559299781
55063010102,-91.07101593103448,43.90162244252873
55063010202,-91.28733409282225,43.92577247275461
55093960300,-92.60442453169013,44.85302415492957
55093960100,-92.20963935714285,44.79251152678572
55093960800,-92.35158213137666,44.6629569944095
55093960200,-92.49024141580433,44.79291819755408
55093960500,-92.69323079032259,44.77806435913978
55085970602,-89.48390169492292,45.748715637352674
55085970601,-89.52083162841853,45.70385261414982
55085971001,-89.74868321027378,45.70301121845893
55085970101,-89.12754936186771,45.81913221011673
55085971002,-89.81993401905972,45.819129652265985
55085970102,-89.29468209486998,45.629511831342235
55085970800,-89.67037635756854,45.87361700357569
55085971400,-89.40939940959042,45.63045454145853
55085971100,-89.67921763672261,45.60592090424481
55085970900,-89.69874798824877,45.75900387216967
55085971500,-89.39905608285164,45.65195941425819
55023960500,-91.14372105291004,43.05521811640211
55011960200,-91.66959543094629,44.56672459335038
55023960200,-90.97798304176756,43.29338894249395
55023960400,-91.03345434863854,43.077665098238114
55023960300,-90.91205867743132,43.18072620155902
55023960100,-90.84398639750445,43.32487621122995
55011960400,-91.79920441505897,44.32854503135047
55023960600,-91.11243263949275,43.040937021739126
55011960100,-91.72894870610416,44.45162076502474
55011960300,-91.90039295551895,44.415312551894566
55085970500,-89.51930324263039,45.61194904648526
55085970400,-89.35473759125539,45.60573472507453
55085971300,-89.7313083733567,45.850224163891326
55095960600,-92.45726147445254,45.46046809245742
55095961000,-92.3687692997763,45.28466148993288
55059002906,-88.09739441732282,42.525441110236216
55059000700,-87.86480333204635,42.59644805405405
55059000500,-87.83822001176469,42.62328375294117
55059000400,-87.8349775,42.607659738636364
55059002700,-87.9993480936556,42.5441501450151
55059002800,-88.11519343862521,42.60631202291326
55059002000,-87.83212066015625,42.524234265625
55011960500,-91.67011055768133,44.23384310651057
55095961100,-92.23903782706766,45.30192090977444
55095960200,-92.61452777208481,45.59110913339222
55095960800,-92.65913191777186,45.308894310344826
55095960100,-92.38554689851486,45.624426028465344
55095960700,-92.64030192031424,45.38371444781144
55095960500,-92.25452949846155,45.42330802153846
55095960300,-92.41363132068486,45.49591200786672
55095960900,-92.49422692580644,45.30272401774193
55059001900,-87.81819586885247,42.57229740163934
55059001000,-87.82151799999998,42.58422890076336
55059000300,-87.82415774842767,42.60559181761006
55059000100,-87.83596169337979,42.64460691289197
55059990000,-87.55190899999998,42.57603032258065
55059003001,-88.27312012227075,42.52536751091703
55059003002,-88.24155306440676,42.51925812881356
55059002903,-88.15068885989011,42.55827238186813
55059002904,-88.13709949664428,42.53521177628635
55059002905,-88.09697381249998,42.5687135528846
55059002602,-87.90565475057738,42.53696030715934
55059002601,-87.91757246206896,42.574648175862066
55059000602,-87.85648895440728,42.617197103343464
55059000601,-87.89397485152057,42.62487566726297
55059002500,-87.88061800529098,42.553816534391544
55059002400,-87.8607447142857,42.55334243349754
55059001600,-87.83301827083334,42.57438252777777
55059001500,-87.85307402604167,42.570417765624995
55059001400,-87.87203797716896,42.57602113242009
55033970800,-91.89944836714974,44.86464676328502
55033970700,-91.9329541987315,44.85198761945031
55033970100,-91.87433952173912,45.11569638279773
55033970600,-91.99162353470716,44.81785169848156
55141011500,-89.76904786690648,44.363032582733815
55141011400,-89.80384189528795,44.366759502617796
55141011300,-89.82770785440614,44.36790897318007
55141010700,-90.19945246792453,44.587913943396224
55141010500,-90.18619123157895,44.65062687368422
55141010400,-90.16522457227138,44.647610961651914
55141011100,-89.83500141987828,44.433105326572004
55141011000,-89.79271751737451,44.40333051737451
55141010900,-90.00065566242039,44.36772538075018
55141010100,-89.96569087382296,44.579658337099815
55035001700,-91.49767149760766,44.79862209569377
55035000801,-91.48222810714284,44.785772232142854
55035001101,-91.49881004128439,44.80925337155963
55035000700,-91.48144309122807,44.80325930175438
55035001200,-91.51749784674328,44.80999503831418
55035000600,-91.47301576582278,44.822546490506326
55035000400,-91.41125549800796,44.802971104913674
55133204003,-88.50329855329947,43.00361087055837
55133203901,-88.34720998245614,42.864553821052624
55133203703,-88.40506540954495,43.073704307436174
55133203305,-88.27331253753752,43.06721591891892
55133202901,-88.20279780397021,43.036981476426796
55133202103,-88.21260605776173,42.9645867833935
55133202101,-88.28455406196998,42.95959208806263
55133201703,-88.11890749999999,42.906227
55035001400,-91.52721251499999,44.821643734999995
55035000802,-91.48184906425702,44.77532368273092
55035000803,-91.45230852657004,44.779083782608694
55035001600,-91.51123741444866,44.69083737452471
55035000301,-91.37389853638814,44.8278499555256
55035000200,-91.2539557933194,44.73233921085594
55035001300,-91.55889268945869,44.823267820512825
55035000900,-91.51253613362069,44.78330750431034
55035000302,-91.40140776944189,44.77724780329368
55035001500,-91.5818172,44.82564208849558
55133201403,-88.10810981481481,43.01010568055556
55133200804,-88.1598086799591,43.07468166257669
55133204302,-88.48324871806167,43.0913103876652
55133204004,-88.44539881039755,42.972656287461774
55133204301,-88.48029887647058,43.12107142352941
55133204502,-88.42714702962964,43.120569396296304
55133204501,-88.44910002578796,43.166619922636094
55133203704,-88.38169374652242,43.07380881375579
55133203902,-88.32166184107578,42.876101242053785
55133202102,-88.2782408516218,42.95930840717736
55035000100,-91.05826236316695,44.710352604130804
55035000501,-91.48367995731707,44.8461416402439
55035000502,-91.45385304166666,44.84065432142857
55133201704,-88.16672520833333,42.89529125490195
55133202902,-88.1840258607595,43.02308105696202
55133201404,-88.106848748503,42.994703946107784
55133203303,-88.28173912693498,43.09743565634675
55133203304,-88.24150495121951,43.0977646445993
55133200803,-88.16477851152737,43.09407351008645
55133200201,-88.11599957798164,43.163549348623846
55133201402,-88.07736527564101,43.00298401282051
55133200102,-88.11287518009478,43.181576772511846
55133200103,-88.0933513580786,43.17591761135371
55133200600,-88.07132600900901,43.10936490090089
55133202700,-88.23353671590908,43.01211820454545
55133201701,-88.14011754320988,42.917453292181065
55133200901,-88.0825808503937,43.07565632283464
55119960500,-90.34869565281898,45.13400170326409
55119960400,-90.42755002060738,45.161027248373095
55119960600,-90.36965899468085,45.08544134929078
55119960200,-90.66316219285713,45.260707727731095
55119960100,-90.21524293160053,45.25824418057455
55119960300,-90.77121544187298,45.203106850376734
55133201504,-88.07943349586776,42.934542921487605
55133201506,-88.10852445922748,42.950282476394854
55133200902,-88.10688490178572,43.073564999999995
55133201800,-88.10837984364821,42.9246580456026
55133202800,-88.21444982242991,43.0229179906542
55001950501,-89.90777133948339,43.87919807749077
55001950201,-89.87416500946142,43.9899017503639
55001950502,-89.76509404,43.820796992941176
55001950202,-89.86827828275862,44.09124997241379
55001950100,-89.81545341906873,44.212158620842565
55001950700,-89.72206463377609,43.707386292220114
55001950400,-89.8267014759124,43.97091464671533
55133200700,-88.09611497391303,43.0968659173913
55133200801,-88.1696709646643,43.08314614428739
55133202302,-88.2290812173913,42.981309440217395
55133201600,-88.16640434635417,42.94825080729166
55133202002,-88.21701826984126,42.87680164126984
55133201505,-88.12030103883495,42.95969441747573
55133202400,-88.21096726600985,42.993307418719205
55133201503,-88.0748200289855,42.973768514492754
55101001504,-87.78688125252526,42.78994650505051
55101002001,-88.16652666666667,42.820171630434785
55101001801,-88.04865349206351,42.6871016031746
55101001705,-87.84851814545455,42.746813681818175
55133200500,-88.10390977894735,43.11073016315789
55133203402,-88.23101027152319,43.126591920529805
55133204002,-88.45113621359224,42.88941241990292
55133200202,-88.0842313875,43.167016233333335
55133203404,-88.2119219620853,43.12419512322275
55133203000,-88.22176282468695,43.03514166905188
55133203103,-88.2455754556962,43.02265015189873
55113100500,-91.20942826498913,45.98410955203479
55113940000,-91.23018232166791,45.9290940029784
55113100800,-91.02716368852458,45.829345934005886
55113100700,-91.21702929482242,45.74496405049208
55113100400,-91.44560056869139,45.84197505584998
55113100300,-91.46972814833128,45.99456830778739
55125950600,-89.5707621255271,46.07136024586442
55125940000,-89.87439379381442,45.99130840549828
55125950700,-89.61880920349967,45.96343873493195
55125950200,-89.22210405081898,46.0175132650147
55125950500,-89.29234140419008,45.942795184466014
55101002701,-88.21283308108109,42.77560772972973
55101002702,-88.2401025698324,42.73494299441341
55101002002,-88.14124585263156,42.805434331578944
55101001802,-88.00217894771242,42.70910803267974
55101001706,-87.86291260759495,42.72945994936709
55101001505,-87.78138630337078,42.785844101123594
55133203802,-88.3579713319194,42.88256345068928
55133203602,-88.32888811282051,43.09461656410256
55133203702,-88.39065395012469,43.03275124688279
55133201300,-88.16559208615385,43.00192112923077
55133203102,-88.27487171428572,43.024860373015876
55133203804,-88.33389671153846,42.982869592657345
55133200400,-88.099639481982,43.13129773423424
55133203101,-88.27362390810809,43.038703037837834
55133203803,-88.40109399346406,42.94792548039215
55101002800,-88.24825717689531,42.795481754512636
55101001900,-87.99864799468084,42.81322767553191
55101001302,-87.7881482238806,42.74638873134327
55101001301,-87.79343154545455,42.75113859090909
55101001003,-87.82143551612903,42.71457312903226
55101001002,-87.83142645714285,42.714322485714284
55101000700,-87.80500575999999,42.70383730666666
55101000500,-87.80273937423311,42.72407179754601
55133202500,-88.20230328019323,43.004930497584546
55133204200,-88.51564217391304,43.09645551304348
55133202202,-88.25353763943662,42.999785550704225
55133203601,-88.35098478842976,43.09989389917355
55133202301,-88.25300478268251,42.99355972325976
55133202201,-88.27234363963964,43.003004648648634
55133203500,-88.36822562462463,43.1437277987988
55133201203,-88.13724603043478,43.03161954347826
55131420401,-88.18163219863014,43.42535012328767
55131440105,-88.33204637125749,43.322778730538914
55131440103,-88.37530637962962,43.332088722222224
55131470203,-88.10167213157894,43.22755194736842
55131470204,-88.08704350684931,43.2055727739726
55131440104,-88.3798887055703,43.30591153580902
55131440106,-88.35054534771572,43.237883340101526
55121100800,-91.29078206086045,44.11621464533054
55121100100,-91.293097657289,44.482959475703325
55121100700,-91.43647530641925,44.103262993480435
55101000400,-87.78916720430107,42.73344746236559
55101000300,-87.79287433333333,42.71674455555555
55101000200,-87.78509573469387,42.71679308163265
55101000100,-87.78473822580641,42.72946504838709
55101001701,-87.8635551020408,42.69366958503401
55101001703,-87.91990027218937,42.71470313609468
55101001702,-87.89845539215686,42.69337100980391
55101001202,-87.81709082840237,42.73984652071006
55107960500,-91.0898838441358,45.470172388888884
55107960400,-91.11299849346607,45.38356819415059
55107960100,-91.02194632640092,45.50490788099365
55107960300,-91.25891084094573,45.388617545405694
55107960200,-91.33464572778124,45.482500419515226
55133204400,-88.51606187356322,43.131603143678156
55133200300,-88.16051589908258,43.13699547247706
55133203405,-88.30856867647059,43.140542681372544
55133201202,-88.15043415719063,43.0378773277592
55133201102,-88.0829283023256,43.024771506976734
55133201101,-88.11013847882735,43.03585777198697
55133201000,-88.086341013468,43.04802033670033
55133200101,-88.1327458764706,43.180018352941175
55133202001,-88.26944310357815,42.882558702448215
55131420105,-88.18185387772925,43.443217445414845
55131420106,-88.20484010502281,43.443174086757985
55131420402,-88.20056783453236,43.43163658273381
55131450105,-88.23804072507552,43.344983419939574
55131450106,-88.2733608125,43.31333550568181
55131450104,-88.15268576923076,43.301405178461536
55131400103,-88.09728215315316,43.49479881981981
55131450103,-88.14552857222222,43.34500423888889
55131400104,-88.11004000763357,43.41168240458015
55131440200,-88.37633457805906,43.31817530379746
55121100300,-91.41998257769973,44.337517659350304
55121100200,-91.4045271180061,44.51000378636826
55121100400,-91.29598856174498,44.382649765100666
55121100600,-91.49116930167922,44.20457114649682
55121100500,-91.29899323076924,44.25287199237699
55101001100,-87.83283055454547,42.726200263636365
55101001001,-87.84237234722222,42.714571263888885
55101000904,-87.8499052,42.679784968
55101000901,-87.83180557746479,42.70008918309859
55101000800,-87.80429627659574,42.68664334042553
55101000600,-87.80853255555554,42.723758
55101000903,-87.82878365853658,42.68546425609756
55101980000,-88.08300076923076,42.69363953846154
55101002100,-88.12047261333333,42.70112707999999
55133203403,-88.2118612686567,43.153379537313434
55133202600,-88.23449720714287,43.00680864285714
55133203200,-88.30837125196851,43.074377748031495
55133201900,-88.11391165479452,42.88095085479451
55133203306,-88.22578440291261,43.06751095631068
55133201201,-88.1814286077586,43.048667254310345
55133204100,-88.47050490781048,43.06160795646608
55133203406,-88.24723767365967,43.15948814685315
55131470202,-88.11345829530201,43.2035505033557
55131460101,-88.24765692292489,43.24485267193676
55131410100,-88.21783198327758,43.51232126755853
55131420104,-88.21850343582089,43.43745750895522
55131400102,-88.13947449509804,43.437344730392155
55131420300,-88.1704001445783,43.41440463855422
55131420103,-88.22329680669145,43.3943360260223
55131460102,-88.21131941472868,43.224368740310084
55101001602,-87.85242866666665,42.771513473118276
55101001601,-87.89150338141026,42.81452288782051
55101001502,-87.8199452516129,42.78475394838709
55101001501,-87.82872933613446,42.82272406722689
55101001400,-87.78586962068967,42.76337827586207
55101001201,-87.82040681818182,42.76024827878788
55101002600,-88.25287828930819,42.65591600628931
55101002402,-88.2562370081967,42.68610412704918
55131420200,-88.19588849230767,43.4127648
55131470100,-88.13678839872067,43.23243914285714
55131430100,-88.32990850894632,43.438593801192845
55123960500,-90.9068719326087,43.51680327065217
55123960400,-90.8987352106383,43.552895291489364
55123960100,-90.48069470456961,43.635166360255056
55123960300,-90.84276855075593,43.639197996400284
55123960200,-90.65985261741936,43.62477241161291
55123960700,-91.14837205802706,43.58478719019987
55123960600,-91.03363363393626,43.6097537037037
55039041800,-88.70163372265625,43.664740011718756
55039041600,-88.84460585265698,43.86597757971014
55039041500,-88.8229884924623,43.864187386934674
55039041300,-88.46449820567375,43.79777456205674
55039041100,-88.42599603159341,43.762577754120876
55039041000,-88.43554845882353,43.75869544705882
55039040900,-88.42055152307692,43.76685085
55067960700,-89.14068337404579,45.14946912977099
55067960600,-89.16206513903744,45.156540459893044
55067960400,-88.97025992566192,45.13008069959267
55067960500,-88.88936038654504,45.269849084948696
55067960100,-89.06664210738832,45.32457237714777
55067960300,-89.14809200499168,45.26065693344425
55101002401,-88.28300035795455,42.685737085227274
55101990000,-87.56817209859153,42.76750956338028
55039040800,-88.43654808633094,43.764834942446036
55039040700,-88.46830326511628,43.767340579844955
55039040500,-88.4553463247863,43.77742497948718
55039040400,-88.46660753239928,43.77124730647986
55039040300,-88.46256563620982,43.78621484940778
55039040200,-88.45529853631284,43.79160250837989
55039040100,-88.42855816363637,43.7923978
55039042000,-88.33828532413791,43.787910824137924
55039041400,-88.6088668358209,43.8374683482587
55039042100,-88.22744576388888,43.824537218253965
55039041900,-88.34761046635367,43.67270502973396
55039042200,-88.24828981950206,43.57424532780083
55039041700,-88.79150367245659,43.723974099255585
55033970500,-91.91104188811188,44.90428184265734
55033970400,-91.78420005182568,44.796679809187275
55033970200,-92.02554292798912,45.02237782201087
55033970300,-91.77084718208954,44.99041913880597
55141010800,-90.12815363129688,44.36842004823151
55141011200,-89.86464184910487,44.389202104859336
55141011600,-89.81806468918917,44.2963571054054
55141011700,-89.89858313276837,44.33247759039548
55141010600,-90.17942748880597,44.67204746268657
55141010300,-90.16921612820512,44.663959192307686
55141010200,-90.13304730254777,44.65283784713375
55025000503,-89.48583189839573,43.024354620320864
55025012300,-89.2134774342105,42.90095163684211
55025012201,-89.20450883842794,42.9285057510917
55025013200,-89.38832622839506,43.24980391289438
55025012001,-89.19577892493297,43.08805075067024
55025011900,-89.06245301919999,43.0180279232
55025011506,-89.24267745679012,43.17053350617284
55025012002,-89.18516262414266,43.03853446639232
55025011200,-89.44178252401747,43.16839514847162
55025002402,-89.36126212173913,43.13737966086956
55137960800,-89.30319836261683,44.06915705981308
55137960300,-89.37937760102739,44.19868891952055
55137960100,-89.01184777674084,44.132683002871495
55137960200,-89.14742800336249,44.130215369872225
55103970300,-90.3808897005988,43.35521254790419
55103970400,-90.37784902891157,43.32577643367347
55103970100,-90.39709504904404,43.49196581213632
55103970500,-90.41599794621212,43.25449189242424
55103970200,-90.41154319047618,43.37848064212076
55025011503,-89.23786204365081,43.20503676190476
55025002500,-89.3399187984496,43.131713306201554
55025002100,-89.35419696629214,43.10421037078651
55025012400,-89.35872374596772,42.88840195967742
55025011700,-89.18602971481482,43.21393394814814
55025011600,-89.19928256047197,43.19042032743362
55025010901,-89.54685049523809,43.067230819047616
55025012800,-89.72099180580763,42.989956085299454
55025012700,-89.70906861462882,42.98899799126638
55025010600,-89.32146184518166,42.99189864612954
55025003100,-89.29532305421687,43.062577120481926
55137960700,-89.01533361382799,44.04545067790894
55137960600,-89.2010349702458,44.037152367399734
55137960400,-89.41907536160001,44.0595852784
55025003002,-89.30267926744185,43.10187270930232
55025002900,-89.31738649019607,43.05938717647059
55025002800,-89.31936340476189,43.07632143650794
55025002700,-89.32590419565219,43.09445294565217
55025002000,-89.33833773387097,43.097424314516125
55025001502,-89.33992688353412,43.03831848393574
55025013100,-89.78033258715595,43.21597938837921
55025013000,-89.64751946843855,43.1264290116279
55025012900,-89.64573298191682,43.15489917811935
55025012600,-89.64282002696079,42.90661880147059
55025012100,-89.13599544654087,42.888510420125776
55129950200,-91.94305235965312,46.01721284984025
55129950300,-91.66184500385886,45.81351301212789
55129950100,-91.89670115523306,46.070634047933154
55129950500,-91.76327043913044,45.75094369006211
55129950600,-91.94337572892042,45.77253802836879
55139002201,-88.72569119556962,44.15731283481013
55139001803,-88.6025131617647,44.023031624999994
55139001801,-88.60569365789475,43.99621692982456
55139002202,-88.78216800605058,44.16928811798679
55139001804,-88.60657307407408,44.03647976851852
55139001700,-88.57653342613636,44.07540859659091
55139001600,-88.52576271074378,44.07253863636363
55139001200,-88.55064302941176,44.01524352941176
55139001100,-88.5680228117647,44.01992404705882
55139000900,-88.56095849019607,44.04976993137255
55139000800,-88.55397429508197,44.035665295081955
55139000700,-88.5547614285714,44.02793693277311
55139000500,-88.53671447916668,44.02334270833333
55025000406,-89.52402625824176,43.0454635989011
55025001802,-89.37371970198676,43.08888386754966
55025013700,-89.5403674138756,42.97421650239233
55025012501,-89.36633044582042,42.92306047368421
55025011401,-89.26470676956521,43.06397642608695
55025010903,-89.55533724267782,43.02998623849372
55025010501,-89.30888243992247,43.03973856007752
55025001704,-89.38537859999998,43.07342421818183
55139000400,-88.53488299999998,44.044231590476194
55139000300,-88.52283306934306,43.998526372262766
55139000200,-88.52400825641026,44.02194076923077
55139000100,-88.52593412499999,44.01467817499999
55139002100,-88.82636703568357,44.13968796130696
55139003701,-88.49284304347826,44.1669889347826
55139003600,-88.44607145918368,44.16239748469388
55139003500,-88.4755340319149,44.162597734042556
55025001605,-89.38901499999999,43.06687882539682
55025001603,-89.396554425,43.0730865
55025001101,-89.4066428988764,43.070513696629206
55025000901,-89.42048825842697,43.06546743820224
55025000407,-89.49045710967742,43.040722380645164
55025013301,-89.32626900478468,43.24999219138756
55025013302,-89.35539061904761,43.240731082706766
55025010904,-89.57066873356703,43.069062673093775
55025012502,-89.40077158171745,42.93199923268698
55025011402,-89.28699660458453,43.15702319770774
55025001804,-89.36714916265059,43.09278967469879
55007990000,-91.14778038970587,46.93753849264706
55007960100,-90.98993801426174,46.80825778775168
55007960600,-91.14069484857423,46.30135814798427
55007960400,-91.16686135603052,46.43641755389313
55007960300,-91.0325857905544,46.69218988364133
55007960200,-91.25141416046867,46.660356866021395
55139003300,-88.467907752,44.184741456000005
55139003200,-88.44314348484849,44.172639373737375
55139003702,-88.48290129562982,44.15609480976864
55139003400,-88.47707676595743,44.19116036879432
55139002400,-88.46514361024498,44.2242104996288
55139003100,-88.46120491390728,44.19136481456953
55139002900,-88.4558488580247,44.2034819691358
55139003000,-88.46677149789029,44.19955118987341
55025001705,-89.38240267391305,43.0756720942029
55025010502,-89.28494303125,43.007692488636366
55025001606,-89.39656467307692,43.07034524999999
55025001604,-89.39255253999998,43.0771646
55025001102,-89.41262513999999,43.07622134666667
55025000902,-89.42660637984496,43.07021859689922
55025000405,-89.5095929510204,43.043879734693874
55025000408,-89.48811660629922,43.05254809448818
55025991703,-89.35984463671373,43.06697515404365
55078940101,-88.63827095010846,44.883168670282
55078940102,-88.66158307918552,44.94171523868778
55139002700,-88.4595931638418,44.21206079096045
55139002800,-88.41833529365078,44.2119082063492
55139002601,-88.45299124668705,44.23342092456677
55139002300,-88.55978644931506,44.156073819178076
55139001900,-88.5778014194631,43.934739020134224
55139002602,-88.41250043448275,44.22496129655172
55139002500,-88.4305131317073,44.239148346341466
55139002000,-88.71391796,43.97187452
55025991702,-89.41083604430862,43.11377118792971
55025002602,-89.31537712328767,43.138025102739725
55025001402,-89.42308481066667,43.04296742133332
55025002603,-89.30345518439717,43.117346163120565
55025011302,-89.43493234170853,43.18255721105527
55025011301,-89.45676785448916,43.19952078947368
55025011504,-89.24712362895929,43.185372013574664
55025012202,-89.23618163402061,42.92643250515464
55075990000,-87.6109352112676,44.96314846478873
55075961400,-87.63711830434781,45.08460583695652
55075961300,-87.66519975,45.10134545918368
55075961200,-87.71203209322034,45.06053620056497
55075961500,-87.60471614159292,45.07762881415929
55075961100,-87.79698154430379,45.045925658227844
55075960900,-87.74859421973407,45.23282751084675
55075960800,-87.96683484377417,45.251954358081974
55075960100,-87.94233850864474,45.68089222308979
55075961000,-87.94523559515952,45.15508956545654
55139001500,-88.532023,43.987715982014386
55139001400,-88.56419848695651,43.99179698260869
55139001300,-88.56792234883721,44.00253083720931
55139001000,-88.56428769230769,44.02899581318681
55081950300,-90.85443771176472,43.94334447843137
55081950600,-90.48921871389643,43.98795407084468
55081950700,-90.42078277789152,43.88471033367451
55081950100,-90.52436943032427,44.06878004294478
55081950900,-90.76126360161145,43.82880486034019
55081950400,-90.7940356884058,43.94954317028986
55081950800,-90.59220378142076,43.84629584395872
55081950500,-90.53233245454545,43.986687056277056
55081950200,-90.71402905768343,44.010133717120446
55025011505,-89.22776552713178,43.18524704651163
55025010300,-89.33547934677419,43.0704049032258
55025011102,-89.46671137704918,43.12550789461358
55025011101,-89.49690013043478,43.10098574534161
55025011800,-89.07579893500001,43.227782115000004
55025011000,-89.502344278481,43.090431987341766
55025010800,-89.53736535405406,43.001526956756756
55025010400,-89.33777298918918,43.05618985945946
55075960700,-88.13661875797665,45.30518508249027
55075960200,-88.0145181232719,45.550134671274954
55075960600,-87.94778428349056,45.351349045283015
55025010200,-89.37282534716981,43.110137332075475
55025010100,-89.44514423404253,43.07823929078014
55025003200,-89.42938388601037,43.08171324352332
55025003001,-89.29924234693877,43.092012612244886
55025002601,-89.32545496491228,43.11115464035088
55025002401,-89.37992399999999,43.14494265151515
55025002302,-89.40361146464645,43.13648564141414
55025002301,-89.38001151869157,43.13110329906542
55025002200,-89.36349794166667,43.12100290833334
55025001900,-89.36226546478872,43.08452842723005
55025001501,-89.35268587425149,43.048063682634734
55025001401,-89.38655105660376,43.046026504716984
55017011000,-91.24782526497694,45.10169321428572
55017010900,-91.00853023742138,45.111627272012576
55017010400,-91.50635641925466,44.940478490683226
55017011100,-91.40089858742857,45.19668508342857
55017011200,-91.53681546240601,45.06792380075188
55017010800,-91.07716022284644,44.92321561610487
55017010700,-91.33147842831858,44.92948977345133
55017010200,-91.41417737152778,44.897022375
55017010300,-91.40833807602338,44.936513432748534
55017010500,-91.36197266050421,44.94496699159664
55017010100,-91.46397456682026,44.86836748387096
55025001300,-89.38909596045197,43.055367361581915
55025001200,-89.40658246511627,43.06251481860466
55025000800,-89.44280536936937,43.068602756756746
55025001000,-89.427414,43.05787215343915
55025000700,-89.44499088513513,43.04265286486486
55025000501,-89.47259429444443,43.03436642222222
55025000504,-89.51202662376237,43.025599514851486
55025010702,-89.46516264005805,42.98457708127721
55025000402,-89.46355360150376,43.049865000000004
55025000401,-89.44869122727272,43.05563672727272
55025000300,-89.46110092125981,43.06827836220472
55025000205,-89.49774822522524,43.079407490990995
55091950100,-91.8284891330275,44.64530662844036
55091950200,-92.0944358699422,44.566727923410404
55025000204,-89.51311052542371,43.06929124576271
55025000202,-89.49351339473685,43.06899597368421
55025000201,-89.47589382945736,43.06852337984496
55025000100,-89.47459288601034,43.08379898445596
55025001403,-89.41447118348623,43.02125924159021
55025010701,-89.43931354545452,43.000536590909086
55025000600,-89.45710227439024,43.02620504878049
55079186200,-87.93244091566265,43.048483843373496
55079186100,-87.94311180612245,43.04896143877551
55079185800,-87.94280093750001,43.05352580208333
55079185400,-87.93810353191489,43.060070914893615
55079185900,-87.93240756382977,43.05411160638298
55079185500,-87.92554215,43.059605866666665
55079186000,-87.92123257608694,43.05362910869566
55079185600,-87.91555856976744,43.0598911627907
55079185700,-87.91503551428573,43.06769935714286
55079187200,-88.0031946966967,42.86806363063063
55079003200,-87.99995314583333,43.1014829375
55079180500,-87.87258259259258,42.935720985185185
55079100500,-88.02678404347824,43.01397073188405
55079005400,-88.02244265656566,43.08243112121212
55079006300,-87.95170392957743,43.07573242253521
55079008900,-87.95312924175823,43.06634834065934
55079004900,-87.97252618750001,43.077976125
55079004800,-87.96289202409638,43.07802887951807
55079003700,-87.98312905747126,43.08604201149425
55079120502,-87.96411477386935,42.95042536180904
55079003800,-87.97244559523809,43.08613736904761
55079019900,-87.98076626428572,42.97419971785715
55079080400,-87.89039672151898,43.085596525316454
55079170400,-87.87149259770115,42.898527252873556
55079007700,-87.88862242708335,43.06382133333333
55079160204,-87.93253911851852,42.88131613333333
55079150304,-88.0291380593607,42.91612434246575
55079120102,-88.0468200619469,42.97494223893805
55079018000,-87.89826888571427,43.00521817857142
55079150303,-88.02228875177305,42.891946702127655
55079011300,-87.90829762105261,43.04868892631579
55079020000,-87.95455568553459,42.98310449685534
55079120400,-87.96617047457626,42.96967424067796
55079120501,-87.96724532743363,42.93935895575221
55079160100,-87.9150227388535,42.918675149681526
55079040100,-87.9392890740038,43.167295332068306
55079005200,-88.01243001369863,43.086304000000005
55079014800,-87.9400503076923,43.04201923076923
55079005500,-88.03470716831683,43.081469559405946
55079017400,-87.93859240677963,43.00461315254237
55079013600,-87.95273677631579,43.043757171052626
55079016000,-87.95821724561402,43.021126403508774
55079018500,-87.91422682258064,42.98574044086022
55079014600,-87.93041907042254,43.04233573239436
55079018600,-87.92299769333331,42.99559429333333
55079140202,-87.98251806707317,42.93386490243901
55079002900,-87.98040892857142,43.10750054285715
55079013300,-87.96248155555557,43.0344728034188
55003950800,-90.82687560831334,46.657118171063146
55003940000,-90.73089888471708,46.493619075092546
55003950600,-90.70658235748105,46.28125930066288
55003950500,-90.83190176825396,46.408051337566135
55003950700,-90.62444023198847,46.111051791066274
55003950400,-90.90596327682404,46.5797662639485
55003950300,-90.88280525336322,46.585863311659196
55003990000,-90.48106817592591,46.97593114814814
55079120101,-88.0458521138614,42.9594282079208
55079000102,-88.01077247200003,43.164542816
55079160203,-87.91602045263156,42.89294095263158
55079187300,-87.96371403076924,42.88604532307692
55079186800,-87.94733999228792,43.02916928791774
55079186900,-87.88682343243242,43.05327569594594
55079187000,-87.88786027350426,43.054612623931625
55079060101,-87.92182664951767,43.142757186495174
55079005600,-88.02911378260869,43.07148688695653
55079005900,-87.98551723595506,43.06772850561797
55079050101,-87.98135274285713,43.17618714285713
55079013000,-87.99018222222222,43.02835076190477
55079005700,-88.01331192771084,43.071372
55079003100,-87.98575697419355,43.10115223870967
55079003600,-87.98313814754097,43.092386032786884
55079130100,-88.04565429613734,42.942091038626614
55079140201,-87.99928777215187,42.93642864556962
55079180100,-87.8533338695652,42.95309429192547
55079170100,-87.85226849557522,42.915604026548664
55079101800,-88.00984178787878,42.994225166666666
55079060102,-87.93572217094017,43.149255905982905
55079000101,-88.00865781967211,43.181550983606556
55079187400,-87.90862138617885,43.03242950406504
55079980000,-87.88506940952381,43.05137750000001
55079016400,-87.92775857971014,43.0163993768116
55079016900,-87.93810935820895,43.00942249253731
55079016300,-87.93729213043477,43.01517737681159
55079003500,-87.99870083478258,43.09346832173914
55079003300,-88.01773790756303,43.10128378991597
55079000600,-88.00601276966293,43.13869901123596
55079005800,-87.99949639130435,43.072187934782605
55079001900,-87.98359052747253,43.115729351648355
55079001300,-87.99919224793388,43.12514878512397
55079002500,-87.9624291935484,43.108138499999995
55079001000,-87.95256471232877,43.12419449315068
55079180400,-87.85664477192984,42.937572570175426
55079018300,-87.89234736065573,42.99139190983607
55079021500,-87.94373404255319,42.953322585106385
55079002400,-87.9515850689655,43.106009889655176
55079021800,-87.9580787984496,42.941773790697674
55079140100,-88.01830658208954,42.941911960199015
55079120201,-88.01808249999999,42.96717113492064
55053960100,-90.72635597149245,44.275708618781444
55053960200,-90.85121868642612,44.390930152061856
55053960500,-90.85011886065574,44.289360725409836
55053960300,-91.02448232193495,44.419552949958295
55053960400,-90.97433018520942,44.23663532133508
55105001304,-88.9744736590909,42.71840875
55105001201,-89.06745394736842,42.640113177033484
55105000100,-89.02511916883118,42.683617337662334
55105001303,-88.96424576023392,42.72963901754385
55079019000,-87.96716241904761,42.996130428571426
55079006900,-87.91042260439559,43.080043296703295
55079035100,-87.89876034042553,43.15141855319149
55079035200,-87.90804793888888,43.15688542222222
55079130200,-88.05644415217391,42.939201949275365
55079001500,-88.01399949999998,43.12266770535714
55079019300,-87.99526373493975,42.99519543373494
55079001800,-87.99894936633663,43.11585615841584
55079000900,-87.95644181451613,43.14855463709677
55079000303,-88.04694315596329,43.130479669724764
55079000302,-88.04554419166668,43.13808273333333
55079002000,-87.96753301923079,43.11583245192308
55079001100,-87.96998568823528,43.12714295294118
55079004300,-87.9288776097561,43.09398139634146
55079019700,-88.00726122608694,42.97694173913044
55079185100,-87.87182381818181,42.97496369421487
55079020500,-87.92272593333333,42.988318416666665
55079002800,-87.97087798684211,43.108176
55079001700,-88.01766979047619,43.10790208571429
55079001400,-88.01800408,43.13112082666667
55079000502,-88.03074339814815,43.12518355555556
55079020200,-87.94087404878047,42.977684536585365
55079180200,-87.85519848717948,42.95486231623931
55029100100,-87.077991354251,45.1561523562753
55029100400,-87.17158101058199,45.06481154074074
55029100800,-87.37562575714286,44.82438167142857
55029100500,-87.27382564984227,44.93347079652997
55029101000,-87.58987922340425,44.773024460106384
55029100900,-87.449074246114,44.812470056994826
55029100600,-87.49196826562499,44.740846304687494
55029100300,-87.18272503089887,45.12272885393258
55029100700,-87.32414692711369,44.84766282507288
55029990000,-87.00615312280704,44.948800070175444
55105001202,-89.05621540236686,42.7238085739645
55105000600,-89.02024110526315,42.69622784210526
55105000300,-89.02645160869564,42.67580315217391
55105003100,-88.9582645530303,42.80750262121213
55105001400,-89.03292843564357,42.628416990099005
55105001302,-88.94549988549618,42.6541773740458
55105001100,-89.0460403670886,42.65585848101265
55079008100,-87.90747624489795,43.06756151020408
55079100100,-87.98607904761904,43.0172495
55079080100,-87.89971053608247,43.095230067010306
55079101000,-88.05871008108109,42.99160321621622
55079101300,-88.02820175396823,42.999628134920634
55079017300,-87.94816719696968,43.00409716666667
55079014700,-87.93540937288137,43.042242220338984
55079004000,-87.97196155294117,43.09332934117647
55079005100,-87.99726306557376,43.083778418032786
55079091100,-88.00231590322579,43.05420780184332
55079000301,-88.05868440869564,43.13638395652174
55079000304,-88.02639170108695,43.14209484782609
55079005000,-87.9838410188679,43.07673276415094
55079001600,-88.01517294949495,43.11628330303029
55079021300,-87.93893316666666,42.97085384523808
55079018900,-87.95545541999999,42.99622291
55079021000,-87.8995875054945,42.96363848351648
55079011100,-87.90141905769231,43.04927011538461
55079000400,-88.05501108208955,43.11173386567164
55079020600,-87.90482326956523,42.98206226086957
55079018700,-87.92931202777777,42.995853625
55079017900,-87.90403526356589,42.99837774418605
55105001000,-89.00930185384615,42.666856046153846
55105000900,-88.99384221568627,42.68115737254902
55105000800,-89.00621404411766,42.69429035294118
55105000700,-88.99488219298244,42.711245526315786
55105000500,-89.04356013513512,42.69816906756757
55105000400,-89.03804386458332,42.678405635416674
55105000200,-89.01124616393442,42.683123262295084
55105003002,-89.08520683686785,42.81974177650897
55105003001,-89.06966442035399,42.822153480088495
55105002900,-89.32311444298246,42.783330491228064
55105002800,-89.30801170952381,42.66302864047619
55105003300,-88.83682327467812,42.562130776824034
55105003200,-88.82659886196319,42.6995998803681
55105002602,-88.99251141036716,42.52442065982721
55105002601,-88.99916700283285,42.53217264872521
55079019600,-88.0084062385321,42.98472544954129
55079019200,-87.98823833333333,42.99282081045751
55079018800,-87.93986563076923,43.000407599999996
55079185200,-87.88460949561401,42.970646921052634
55079120202,-87.99645384415582,42.96642000000001
55079080200,-87.88743149107144,43.09447641071428
55079000501,-88.04674923873874,43.11599487387388
55079070200,-87.89645232432431,43.112459797297305
55079006500,-87.942993796875,43.080226828125
55079070100,-87.90780077702702,43.120900000000006
55079006800,-87.92434645925925,43.079507725925914
55079160202,-87.88277178205128,42.881837980769234
55079014300,-87.90067633333335,43.0423486231884
55079019800,-87.98904298726113,42.981369121019114
55079019400,-88.02871402727271,42.98436839090908
55079020300,-87.92698934831462,42.9805781011236
55079170700,-87.84992359734512,42.90628515929203
55079016700,-87.92222699999999,43.010244734375
55079017600,-87.9224004153846,43.00231395384615
55079016800,-87.92926157894738,43.01021119736841
55079017500,-87.92947381818182,43.00288484415584
55105002500,-89.01542038888886,42.53360068518518
55105002400,-89.02696268478259,42.56586308695652
55105002300,-89.02609712280702,42.53035049122807
55105002200,-89.08249105058364,42.530673046692606
55105002100,-89.05672770754715,42.52738919811321
55105002000,-89.06482747191012,42.503445471910105
55105001900,-89.0142919090909,42.507510072727264
55105001800,-89.02499162765957,42.51610975531914
55079004100,-87.95741538285715,43.094722548571426
55079007800,-87.88886820454545,43.070561999999995
55079010700,-87.90098706451612,43.05944591397849
55079014100,-87.92111353571428,43.04897914285714
55079021100,-87.91481294791667,42.97053084375
55079006000,-87.97555294444443,43.06794816666666
55079013400,-87.9532340989011,43.03526256043956
55079012300,-87.9626054765625,43.043946265624996
55079100900,-88.05079337185931,43.01056797487438
55079009200,-87.97543617460316,43.06076861904763
55079009600,-87.96445886991869,43.052573260162596
55079020100,-87.94059698809524,42.98637713095238
55079015900,-87.94691421212121,43.02151790909091
55079019100,-87.96821386147185,42.98339848051948
55079015800,-87.93771501851852,43.021617222222226
55079100400,-88.01148429896907,43.01570274226804
55105001700,-89.04742517499999,42.5166408875
55105001600,-89.04869920930233,42.49961406976743
55105001500,-89.02111945816733,42.500393374501996
55105002700,-89.27314554237287,42.53601228135593
55079012200,-87.95280015476192,43.04868321428572
55079101200,-88.02888766071429,42.991595508928576
55079004500,-87.92218405376343,43.086111548387095
55079120300,-87.97387165217391,42.98048042173913
55079008400,-87.92309367142856,43.068066785714294
55079016200,-87.94787061111111,43.016639805555556
55079011200,-87.89751696511627,43.05551504651162
55079018200,-87.88020195652174,42.990630956521734
55079100300,-88.00324829896905,43.016471329896895
55079100700,-88.03853408383233,43.02119439520957
55079101400,-88.02869210084032,43.00570126890757
55079100600,-88.0229354875,43.0195551375
55079020700,-87.89159162068965,42.97867891625616
55079150301,-88.04825483412321,42.90336585781991
55021970500,-89.4404694104389,43.564939521945426
55021970200,-89.31641751840102,43.53817747906091
55021971100,-89.10574449929078,43.348551606382976
55021971200,-89.02722819440352,43.33684367010309
55021970100,-89.13659907975459,43.52884926205083
55021970600,-89.43595028388327,43.522670651758936
55021970400,-89.46057722272047,43.52543446238166
55021970300,-89.58297723592716,43.59634344453642
55021971000,-89.25995839199155,43.39267838988408
55021970900,-89.45549365364307,43.343095869060186
55021970800,-89.55528170524899,43.31390456527591
55021970700,-89.42838302973978,43.42307470755886
55045960400,-89.6581659638009,42.60862383559577
55045960600,-89.6197300275,42.5892845125
55045960500,-89.6596209722222,42.59244528935186
55045960800,-89.39722069022557,42.579373028571425
55045960300,-89.53731872995169,42.66587946038648
55045960100,-89.50282071584039,42.77204649153567
55045960700,-89.65072152823315,42.59746039526412
55045960200,-89.67606174481772,42.74262494710507
55079018100,-87.88940676923076,42.99625249038461
55079006200,-87.96098491666666,43.06790155
55079101100,-88.04200218518518,42.99464397222222
55079007600,-87.87848050526316,43.063794305263144
55079011400,-87.91107708474574,43.05125612711864
55079011000,-87.89725001785713,43.050254124999995
55079018400,-87.90432482142857,42.99177527678571
55079180300,-87.86417477227722,42.95210185148514
55079160300,-87.89839384,42.85340053090909
55079007100,-87.90097538805969,43.073671089552235
55079007200,-87.89845217021276,43.077265319148935
55079019500,-88.02756219191919,42.9778906969697
55079101600,-87.99013215757576,43.00369331515151
55079170600,-87.86299495624999,42.907127187499995
55099970600,-90.31805200485267,45.588660865511265
55099970500,-90.3023780619074,45.71763535136642
55099970400,-90.5163897183928,45.69728911188084
55099970700,-90.45500762196468,45.52504378752759
55099970200,-90.40848036,45.940961805882345
55099970100,-90.38073520646367,45.827814077991455
55013970700,-92.37979961181263,45.865801603665986
55013970400,-92.22796911637748,45.929883248413034
55013970900,-92.64191332446265,45.84475268167861
55013970600,-92.16070417001826,45.83171208104813
55013970800,-92.44413896247067,45.83093267318217
55013971000,-92.71626016232962,45.72865672366791
55079000202,-88.04420437569061,43.15862871270718
55079010600,-87.90751036363638,43.059996872727254
55079008000,-87.90282497916667,43.067479291666665
55079007900,-87.89692691139241,43.06602334177216
55079016100,-87.96035188288289,43.01596462162162
55079007000,-87.9109449625,43.074319287499996
55079021200,-87.91921195726498,42.96521411965811
55079008700,-87.94012174509805,43.06764023529412
55079008600,-87.93510678431373,43.06776284313726
55079006700,-87.92043103448276,43.07587929885057
55079091300,-88.0090830959596,43.038072318181825
55079012700,-88.01204003883497,43.02979586407767
55079003900,-87.96225548148148,43.08600396296296
55079004700,-87.94644435862068,43.08602049655172
55079100200,-87.98988749723756,43.013142541436466
55079030100,-87.90689560736196,43.18222416564417
55079008800,-87.94607652,43.06749150666666
55079006400,-87.94261798437498,43.074021234374996
55079009900,-87.94563198765432,43.06093237037037
55079009700,-87.95273616666667,43.053864940476195
55079009000,-87.96093886956521,43.06010572463768
55079020400,-87.93017172131148,42.98832660655738
55079009100,-87.96880115789475,43.060139368421055
55079009500,-87.97481827777779,43.05250754166667
55079009300,-87.98306797260275,43.060665465753424
55079012400,-87.97471522279793,43.04542595336786
55079013700,-87.94533568181818,43.04276321212121
55079070300,-87.90417927777779,43.10590350793651
55079007500,-87.87765228205129,43.07099343589743
55079008500,-87.93007401587302,43.06802009523809
55079014400,-87.90813969767441,43.04227122093023
55079015700,-87.92706552631581,43.021078807017545
55079170300,-87.87499547524754,42.91007115841586
55079060200,-87.92735369357496,43.11333828336079
55079004400,-87.90490642727272,43.09088263636363
55079091200,-88.0061987673716,43.04623505438066
55079009400,-87.98356161904762,43.05334776190476
55079090100,-88.0438749370861,43.095421334437084
55111001001,-90.0058393064133,43.55087332541567
55111000401,-89.72143408156029,43.48446604255319
55111001002,-89.98620028606358,43.51693876772616
55111000402,-89.66197224496644,43.46025361577181
55111000800,-89.95974193653333,43.23120022613333
55111000700,-89.77965369005847,43.25601598538012
55111000300,-89.78058797407911,43.47229266166439
55111000600,-89.89103677376032,43.370311043388426
55111000500,-89.75961418557422,43.39665286694677
55111001100,-90.02350640345529,43.35421073932926
55111000100,-89.73086509265734,43.55517093181818
55111000200,-89.9428180212139,43.5515727053624
55111000900,-90.09058608214677,43.538510585980276
55079090200,-88.04731093283583,43.08208302238806
55079090800,-88.01722972602738,43.062571287671226
55079170200,-87.87138846099289,42.92415019148936
55079091000,-87.99677290833333,43.06396815
55079090300,-88.04901043369176,43.06658313620071
55079012600,-87.99331908415841,43.03399252970297
55079002300,-87.93359459183674,43.106689142857135
55079002200,-87.93517864705882,43.11484513931888
55079007400,-87.87526758823527,43.078048952941174
55079007300,-87.88855849462364,43.07719476344086
55079110100,-87.9696062991453,43.01286904700854
55079017200,-87.95637370370369,43.00223407407407
55079012900,-88.00008887155965,43.02853791743119
55079016600,-87.91319538016529,43.00967147933885
55079016500,-87.91078096373056,43.0178040673575
55079005300,-88.01261606666667,43.078941066666665
55079090900,-88.000722,43.06082963953488
55079002700,-87.97132338541667,43.10067216666666
55079002600,-87.96251713402062,43.09971485567011
55079017100,-87.95916722826085,43.01073569565217
55079017000,-87.94690889411764,43.01040830588234
55079090600,-88.0530953080808,43.03845286868687
55079100800,-88.0570008902439,43.022615115853654
55079010800,-87.8893959605263,43.05800413157895
55079990000,-87.68379057432432,43.029178378378376
55079170500,-87.85731734259258,42.8992482037037
55135100900,-88.7646972634228,44.39624019127516
55135100400,-88.99496953753582,44.482626455587386
55135100300,-89.14190917976512,44.485737468834685
55135101000,-89.08506571328056,44.34782584080914
55135100600,-89.06003369243888,44.295450787947686
55135100500,-89.1576908121547,44.37958911878453
55135101100,-88.77401387711865,44.624667743644075
55079091400,-87.99325111724139,43.04025416551723
55079006100,-87.9687397090909,43.06758076363636
55079012500,-87.9758842477876,43.03671698230088
55079021400,-87.94068685714285,42.962531401785704
55079021600,-87.9251754513889,42.953010375
55079009800,-87.95375959770115,43.05991842528735
55079002100,-87.95295336538462,43.115628663461536
55079001200,-87.98602296739129,43.12564341304347
55079000201,-88.04474133333333,43.17769367647059
55079003000,-87.99672282608695,43.10856984347826
55079000700,-87.98716406796117,43.158107223300966
55079000800,-87.97396837878787,43.13992842424243
55079050102,-87.96541110582011,43.17601831481481
55079150100,-87.97923065843621,42.91795454732511
55135100800,-88.88714145549193,44.300589883914625
55135100700,-88.98872928409091,44.34289614294258
55135101200,-88.86262283955223,44.410055102985076
55135100200,-88.96648593830034,44.58887401571595
55135100100,-88.8109313867048,44.635053170121516
55079186500,-87.91150434517765,43.02348223857868
55079186600,-87.91352683544304,43.00073425316456
55079185300,-88.04039628365383,43.050413718749994
55079186400,-87.92960059146341,43.03705454878049
55079186300,-87.91871243975903,43.0397581506024
55079101700,-88.00696473856208,43.00160054248366
55079101500,-88.00652202380952,43.006974063492066
55079006600,-87.93076931896552,43.07513944827587
55079013500,-87.9523205131579,43.03991523684211
55079090700,-88.02263985018726,43.05562061423221
55079014900,-87.94534073255817,43.03686430232558
55079021700,-87.91891950166112,42.938685960132894
55079004600,-87.93222507954546,43.08553280681818
55079012800,-88.03090204402515,43.031002333333326
55079003400,-88.02910259235668,43.09241056687898
55079120203,-88.00993622535212,42.95620151643193
55079004200,-87.94615402061855,43.09584669072164
55079080300,-87.87925308163265,43.08846410204082
55079020800,-87.87977924806202,42.985321666666664
55079020900,-87.90090579047617,42.97018257142857
55117010502,-87.9638597230444,43.7565888372093
55117011400,-87.70942801999998,43.75400882000001
55117010601,-87.82233109433962,43.7279708490566
55117010501,-87.99372873752012,43.76334169887278
55117000201,-87.7200343076923,43.76460082051282
55117010602,-87.85469489757413,43.75480750404312
55117000202,-87.72081551333333,43.78473983999999
55087010200,-88.42488810256411,44.267062730769226
55087010100,-88.40661453383457,44.2641894962406
55097960701,-89.52357811206896,44.45768252586207
55097960702,-89.51993667005075,44.49713125888325
55097961000,-89.5814627654321,44.52074616049382
55097960900,-89.56147578947368,44.51766161052631
55097961100,-89.61779434954956,44.49298757297297
55097960800,-89.54298283464567,44.51243172965879
55097960400,-89.56190379120878,44.53929028021978
55117001000,-87.73106002586206,43.714530956896546
55117000500,-87.72314155555554,43.756374944444445
55117000400,-87.74863805309734,43.748958318584066
55117000300,-87.7453317106599,43.77664537563452
55117011100,-88.13339624703892,43.62491949069374
55117010900,-87.84869336514524,43.67691882572614
55117000900,-87.74573765748032,43.73202916535433
55041950400,-88.88370557667103,45.49597376539974
55041950200,-88.6118588956079,45.57195643220878
55041950300,-88.78438129804728,45.53283243782117
55041950100,-88.71008604597702,45.82855803333333
55097960500,-89.55901699216028,44.574270895470384
55097960300,-89.59550754362415,44.558594666666664
55097960200,-89.57111944097451,44.594201388925796
55097961200,-89.62352968937876,44.36307923647295
55097960600,-89.35642129852744,44.460098692101745
55097961300,-89.37612853979739,44.35528996526772
55097960100,-89.43214699556212,44.61751223668639
55117010200,-87.85373426153845,43.82724525641026
55117010400,-88.08590912711864,43.801355891525425
55117010300,-87.9921264773519,43.85511401045296
55117011000,-87.98605418981481,43.68901383796296
55117011200,-87.96396406349204,43.57940979365079
55117011300,-87.84690522661872,43.59064147841727
55071990000,-87.38219183146067,44.12846625842697
55071005300,-87.56700660330579,44.15393767768595
55071005200,-87.59514270205479,44.16948485445206
55117010800,-87.7647956476684,43.67878139378239
55117010700,-87.75209630892142,43.77340790679095
55117010100,-87.82626596666665,43.86077346111111
55117001100,-87.71475535483873,43.71331066129032
55117000800,-87.71905402531645,43.743572531645576
55117000100,-87.70926991525424,43.77290222033898
55117990000,-87.59165935849055,43.728110471698116
55073000700,-89.60911588278387,44.949610520146514
55073000500,-89.64811717910449,44.96487201492537
55073000300,-89.59076480071174,44.99113720284697
55073000200,-89.61109042105262,44.9700123618421
55073000100,-89.62802413709679,44.96227383870968
55009021600,-88.21176435897435,44.63869554102565
55009001701,-87.97158353703705,44.51747442592592
55009020503,-88.09347264423076,44.56406364423078
55071010500,-87.74435417636985,44.083679765410956
55071000600,-87.71304284262294,44.07241152131147
55071000500,-87.67369361764707,44.09280830392157
55071000300,-87.71266269999998,44.11545548695652
55071000200,-87.67689977192981,44.12341484210526
55071010700,-88.00569416718265,43.91350644891641
55071010200,-87.76329508386075,44.246452808544305
55071010600,-87.91672713333332,43.93700420775194
55071010400,-87.90664819842829,44.058082326129664
55071010300,-87.94569190381425,44.1646611641791
55071010100,-87.60689271073095,44.20618950388802
55071005400,-87.5977518862069,44.1546185137931
55071005100,-87.56513322044088,44.165446024048094
55071000800,-87.6637190184049,44.06809789570552
55073001104,-89.5929456923077,44.89671869711538
55073001103,-89.56606759808612,44.91629735645933
55073000900,-89.60817585882353,44.91462001764706
55073000800,-89.61745357575757,44.935542204545456
55073001102,-89.56575473833672,44.927168451318465
55073001400,-89.72886439410188,44.97051759785522
55073001300,-89.68020016455695,44.9175979113924
55073001000,-89.61731358083831,44.88182241317365
55009020703,-87.93933226890758,44.4598833697479
55009020203,-88.03839575609753,44.63761050406504
55009020504,-88.12677879831931,44.57325174789916
55009020704,-87.9734312721519,44.46322966455696
55009020204,-88.102399025,44.63613804166666
55009001702,-87.95664235000001,44.509291041666664
55071000700,-87.67177073239438,44.06274966666666
55071000400,-87.66206374074073,44.102189009259256
55071000100,-87.64966451658768,44.131318199052124
55077960500,-89.51743825156576,43.821968924843425
55077960400,-89.4589774700162,43.71904089708266
55077960200,-89.32477616615384,43.82845082820513
55077960100,-89.37402125947955,43.92080669144981
55077960300,-89.32563730189914,43.75710107203667
55127000902,-88.53003898437501,42.671217193749996
55127001502,-88.45554287391303,42.597374236956526
55127000702,-88.64124338550724,42.64064404347826
55127000501,-88.75182491199998,42.83843237599999
55127000302,-88.62712232459677,42.72688517540322
55127001501,-88.48991398290597,42.60589835612536
55127001603,-88.55718093469387,42.57648162857143
55127000701,-88.65776908849557,42.638400091445426
55127001701,-88.36955971563981,42.55756081279621
55127001604,-88.55697040437158,42.54580338797814
55127001702,-88.49987572228844,42.53794092491061
55073000602,-89.64317165,44.9481308875
55073000601,-89.65555884210528,44.952139342105255
55073001202,-89.75392282702703,44.81061319999999
55073000400,-89.64446024390243,44.98345586178861
55073001201,-89.62096996307692,44.81378530769231
55073002000,-90.07249694527363,44.81039080099502
55073001900,-89.9085066269113,44.91279822629969
55073001500,-89.63293181958763,45.03728703608247
55073002100,-90.21280821768707,44.745581861678005
55073001600,-89.38066582682926,44.96447423902438
55073001700,-89.34295590378008,44.78583107216495
55073001800,-89.80936411961723,44.73570326315789
55073002300,-89.98009547586207,45.04405783275862
55073002200,-90.2368623020134,44.93445938255034
55069961000,-89.66724705022831,45.16956289497717
55009021400,-88.12590056250001,44.35277080882353
55009021500,-88.03291884545455,44.269138863636364
55009020502,-88.0667731032258,44.55524472903225
55009002003,-87.92131410714286,44.48612166666667
55009002001,-87.9654373723404,44.49878625531915
55009020100,-87.80447129761905,44.55829773412698
55127000502,-88.75277370085469,42.82573943162392
55127000301,-88.68387643100189,42.7908289395085
55127000901,-88.558406089701,42.67662475747508
55127000101,-88.39041022408962,42.812812319327726
55127000102,-88.35650884821428,42.79117987202381
55127000400,-88.71720775280899,42.82891648314607
55127000800,-88.6004891514523,42.62183043983402
55127000600,-88.7081198368421,42.59476234473684
55127000200,-88.4496423884007,42.73826267662566
55127001602,-88.46080198006135,42.573122197852754
55127001000,-88.43501817678812,42.62590852496626
55069960900,-89.69572453913041,45.18562526086958
55069960800,-89.72416086167146,45.18429140345821
55069960600,-89.62846534804929,45.207327430184804
55069960400,-89.83183158281787,45.35423970034364
55069960300,-89.82423558839972,45.48350628092243
55069960200,-89.72114749290779,45.48186289007092
55069960100,-89.55554099999999,45.47614547433775
55069960700,-89.6672731044776,45.26414656865671
55069960500,-89.56403128065395,45.41033998637602
55009001802,-87.92291072656249,44.5365519609375
55009001801,-87.92382215384616,44.51265771538461
55009940003,-88.10324109271522,44.52448290066225
55009001400,-87.99744043999999,44.49776967999999
55009001300,-88.01224135714286,44.5025705952381
55009001200,-88.00115361904761,44.50938571428571
55009001100,-87.99433065151514,44.511980030303036
55009001000,-88.01276978666667,44.509077680000004
55009000900,-87.99441163492062,44.52021834920635
55009000800,-88.02852048648649,44.50724286486486
55009000700,-88.04001368292683,44.50957485365854
55009000600,-88.05217976363636,44.50827256363637
55009000500,-88.0337694090909,44.51950022727272
55009000402,-88.0645104090909,44.51309884090909
55009000401,-88.04992869565217,44.52809006521739
55009000303,-88.06426561538458,44.535607115384614
55009000200,-88.0362333373494,44.53365454216867
55009000100,-88.02883156435644,44.538678168316835
55009020702,-87.98515081003585,44.40962060215053
55009010300,-88.03422924774776,44.42161317567568
55009010202,-88.09362258914727,44.44007137984496
55009020600,-87.81097208214285,44.373580925
55009002002,-87.96152952577319,44.48061589690722
55009001600,-87.98263955681817,44.49189114772727
55009021303,-88.06344055833333,44.48099864999999
55009021304,-88.09053813333334,44.47876743333333
55009021302,-88.10006801818182,44.49362352121212
55009021301,-88.07305009433962,44.5014121509434
55009940001,-88.14455601480263,44.46009488815789
55009010201,-88.07992018584069,44.440699380530965
55009940002,-88.12245075675676,44.518980168918915
55009000302,-88.0736683943662,44.516877028169006
55009940004,-88.090183,44.52260951648351
55009021200,-88.02454087804878,44.46228429268293
55009021100,-88.037238,44.470557571428564
55009021000,-88.03647053968255,44.467520857142866
55009020900,-88.02096822413793,44.478306551724145
55009020800,-88.0158890862069,44.48799756896552
55009010100,-88.04105677108431,44.44867922891566
55027962000,-88.71768913084108,43.19978173831775
55027961300,-88.54072155357143,43.49263297991071
55027961200,-88.62943613419257,43.46047448218347
55027961400,-88.54522566666665,43.43639928260869
55027960500,-88.93393119850187,43.574769764044945
55027961900,-88.72368365436242,43.207026268456374
55027961700,-88.75391728003876,43.259190571705425
55027961100,-88.70236247401773,43.390138904942965
55027960300,-88.75033662382444,43.61867644514107
55027960100,-88.45813313947369,43.55210659473684
55027961800,-88.89419472072727,43.31072463345455
55027960200,-88.64236270150052,43.50779375080385
55027961000,-88.84724605494505,43.44734397252747
55027960900,-88.83743785897435,43.44641217628205
55027960800,-88.82193560330579,43.46175450413223
55027960700,-88.8344925189189,43.48154944864865
55027960600,-88.9513577607433,43.45910913472705
55087012505,-88.45338297080292,44.304260255474446
55087012503,-88.40593030864198,44.31380074074074
55087012504,-88.37305395454544,44.314458763636374
55087012901,-88.32539834482759,44.37447870344827
55087012601,-88.53397085514018,44.28382112149532
55089610101,-87.98037094780219,43.486354848901094
55089610102,-87.86647371232877,43.49701855821918
55089660201,-88.03106768992247,43.23842329457364
55089660202,-87.96957802090033,43.244195051446944
55089660100,-87.97646811148648,43.23358935135135
55027960400,-88.82015628536783,43.51646281164106
55027961600,-88.5837870373754,43.28043789451827
55027961500,-88.50726119900497,43.27998889253731
55109120903,-92.69932884134613,44.91617706971154
55109120501,-92.56839475641026,45.121162891025634
55109120901,-92.59424556785713,44.88608644464286
55109120201,-92.73334234441086,44.98785299697885
55109120502,-92.5141189137931,45.11779078735632
55005001002,-91.65529906858711,45.3368928696845
55005001001,-91.70559056561085,45.293009484162894
55005000600,-91.72105062180974,45.49221662412993
55005000200,-92.04936170624998,45.553306840625
55005000500,-91.75198963375796,45.48616988535032
55005000300,-92.02543156140351,45.453560979532156
55005000900,-91.92489598210024,45.30336738782817
55005000100,-91.82317873637376,45.58803938153503
55005000800,-91.69424009118235,45.45022093486974
55005000400,-91.83318955430181,45.44021555994358
55087012902,-88.43111059876541,44.3737999691358
55087012602,-88.64253342481203,44.285588364661656
55087012506,-88.48172172868217,44.26215624031008
55087013100,-88.32718348587571,44.522422474576274
55087940000,-88.2115052,44.49493178039216
55087011900,-88.30732601574803,44.28521766929134
55089650102,-87.99765884466018,43.30360654854369
55089630202,-87.895442455414,43.38469749044586
55089630100,-87.87749097682119,43.39078377483444
55089640200,-87.94128776961603,43.32651631886477
55089630201,-87.87770784401114,43.41625797771587
55089660303,-87.95021410996563,43.20902109278351
55089640100,-87.95998357683216,43.32128558865248
55089620100,-87.9748402027972,43.40961666899766
55089650300,-88.00597761305362,43.32703561538461
55089650200,-87.98613289097743,43.28725804887218
55089650101,-87.9801948409786,43.307974810397546
55089660304,-87.91295491907515,43.20943451445086
55089660301,-87.95207877366255,43.231192956790125
55089990000,-87.62973627777777,43.381806680555556
55109120904,-92.54954343705941,44.9157197593152
55109120202,-92.68018901433692,44.98649389964158
55109120100,-92.75396353225806,44.97643239516128
55109120400,-92.70911312980768,45.101876866987176
55109120300,-92.72724270588236,44.9977115280112
55109121000,-92.48696910091742,44.98286392477064
55109120800,-92.32304695283017,45.00488477712264
55109120700,-92.22019040869564,45.016218034782604
55109120600,-92.48229097071129,45.11495659497908
55087011800,-88.31211260317461,44.279735365079354
55087011700,-88.32946853521125,44.27093985915494
55087012400,-88.26399880999999,44.292339999999996
55087012300,-88.26494638961039,44.28469864935065
55087012200,-88.27460309708738,44.275226349514554
55087012700,-88.68172742419601,44.40890900306279
55087012100,-88.26807047453083,44.26121417158178
55087012000,-88.30978069540228,44.256697925287355
55087012800,-88.51006440806046,44.43207297229219
55087013200,-88.57889332327045,44.519419523270436
55087011600,-88.33942363981042,44.25549590521327
55087011502,-88.36651105303031,44.28408059848485
55087011501,-88.38778777659574,44.278066117021275
55087011400,-88.40784991489362,44.28771252127659
55087011300,-88.40648799999998,44.276949532467526
55087011200,-88.4253037037037,44.27696581481481
55087011102,-88.45192979032258,44.27919571774194
55087011101,-88.42444069512194,44.28929835365854
55115100500,-88.57210035532995,44.77164473604061
55115100300,-88.60586185125626,44.81992922311557
55115100200,-88.50973764958829,44.81734039798718
55115100100,-88.41803296747966,44.80154684878048
55115100900,-88.7548981008215,44.72733709783421
55115100400,-88.58906043881855,44.781439537974684
55115100600,-88.87116368361582,44.83315289830508
55115101100,-88.4058673245614,44.662276966374264
55115101000,-88.44768156776806,44.73227599258259
55115100800,-89.11083367821782,44.8902067420242
55115100700,-89.05701220576132,44.8647010691358
55065970400,-90.31168051492538,42.56077877985074
55065970300,-90.33805320632737,42.66942495048143
55065970200,-90.14484817961164,42.73108511812298
55065970500,-89.99252697997329,42.61781121228304
55065970100,-89.97994629718875,42.71943410575635
55043960700,-90.72512608875738,42.85192747189348
55043961200,-90.55950527195466,42.56209745042493
55043960800,-90.6380934903039,42.706107270043425
55043961100,-90.58914305175117,42.64715792368008
55043960100,-90.54257334609053,43.09969018518518
55043960300,-90.68957534949317,43.03421130674306
55043960200,-90.60801026755854,43.147200540133774
55043960600,-90.61834325022829,42.82533518721461
55043960500,-90.81503382040317,42.823438856139276
55043960400,-90.90248267399438,42.968982908793265
55043961000,-90.49339553397212,42.75159457142857
55043960900,-90.4635029099099,42.745562046546546
55087011000,-88.43659008648649,44.25533655675676
55087010900,-88.43380331325302,44.24936771084337
55087010800,-88.41075038157895,44.24867134210526
55087010700,-88.38685298395723,44.248883358288765
55087010602,-88.36694050862069,44.25115318103448
55087010601,-88.36943863333333,44.26308447777778
55087010500,-88.39194693203883,44.26680220388349
55087013300,-88.24189650300299,44.29653145645646
55087010300,-88.41092254999998,44.26856805
